{
  "zero_discount": {
    "reward": [
      10628.111500000003,
      146.38584957723944
    ],
    "margin": [
      15244.318000000003,
      122.26786280948978
    ],
    "disc_cost": [
      0.0,
      0.0
    ],
    "clearance": [
      16618.3,
      100.5704230875062
    ],
    "clearance_pct": [
      50.038541447110894,
      0.302822628308412
    ]
  },
  "heuristic": {
    "reward": [
      11258.118700000003,
      155.5379441577196
    ],
    "margin": [
      13267.411600000001,
      116.82103779473955
    ],
    "disc_cost": [
      9972.0184,
      89.01129419034356
    ],
    "clearance": [
      27265.0,
      154.54966839175034
    ],
    "clearance_pct": [
      82.09629339676613,
      0.46535686486932054
    ]
  },
  "sac": {
    "reward": [
      14516.475800000004,
      146.7938867118112
    ],
    "margin": [
      15999.244700000001,
      117.98519932012644
    ],
    "disc_cost": [
      10155.387299999999,
      126.04637675637491
    ],
    "clearance": [
      28418.9,
      220.70362480031903
    ],
    "clearance_pct": [
      85.57074463280239,
      0.6645497720644342
    ]
  }
}