{
  "zero_discount": {
    "reward_mean": 20164.799999999996,
    "reward_std": 269.0032155941637,
    "revenue_mean": 38489.4,
    "margin_mean": 19345.899999999998,
    "discount_cost_mean": 0.0,
    "clearance_mean": 5318.9,
    "budget_used_mean": 0.0
  },
  "random": {
    "reward_mean": -27488.71307692307,
    "reward_std": 3135.919645130319,
    "revenue_mean": 31370.600000000006,
    "margin_mean": 8247.59,
    "discount_cost_mean": 16500.55,
    "clearance_mean": 7366.7,
    "budget_used_mean": 16500.55
  },
  "heuristic": {
    "reward_mean": 21306.369258241757,
    "reward_std": 86.50373275776309,
    "revenue_mean": 40030.275,
    "margin_mean": 16928.085000000003,
    "discount_cost_mean": 7798.074999999997,
    "clearance_mean": 7360.1,
    "budget_used_mean": 7798.074999999999
  },
  "sac": {
    "reward_mean": 26682.952609890104,
    "reward_std": 26.297560906961923,
    "revenue_mean": 46020.575,
    "margin_mean": 22896.934999999998,
    "discount_cost_mean": 1846.625,
    "clearance_mean": 7363.3,
    "budget_used_mean": 1846.6250000000011
  }
}